{
  "version": 1,
  "author": "Anonymous maker",
  "editor": "wokwi",
  "parts": [
    { "type": "wokwi-arduino-uno", "id": "uno", "top": -28.2, "left": 258.6, "attrs": {} },
    { "type": "wokwi-dht22", "id": "dht1", "top": -38.1, "left": -264.6, "attrs": {} },
    {
      "type": "board-esp32-devkit-c-v4",
      "id": "esp1",
      "top": -49.14,
      "left": -31.9,
      "rotate": 270,
      "attrs": {}
    },
    {
      "type": "wokwi-resistor",
      "id": "r1",
      "top": 253.55,
      "left": -105.6,
      "attrs": { "value": "10000" }
    }
  ],
  "connections": [
    [ "dht1:VCC", "uno:5V", "limegreen", [ "v115.2", "h508.8" ] ],
    [ "dht1:SDA", "uno:4", "gold", [ "v67.2", "h451.3", "v-211.2", "h240" ] ],
    [ "dht1:GND", "uno:GND.2", "black", [ "v134.4", "h624" ] ],
    [ "dht1:SDA", "r1:1", "limegreen", [ "v0" ] ],
    [ "r1:2", "uno:5V", "limegreen", [ "v0", "h459.6" ] ],
    [ "esp1:TX", "uno:0", "blue", [ "v-96", "h518.4" ] ],
    [ "esp1:RX", "uno:1", "blue", [ "v-86.4", "h518.4" ] ],
    [ "esp1:3V3", "uno:3.3V", "red", [ "v124.65", "h470.4" ] ],
    [ "esp1:GND.2", "uno:GND.1", "black", [ "v-57.6", "h432" ] ]
  ],
  "dependencies": {}
}